600,"Алфавит"
601,"Правила чтения гласных букв А и Е в открытом и закрытом слоге и их сочетание"
602,"Правила чтения английских гласных I и Y"
603,"Правила чтения гласных букв О и U в открытом и закрытом слоге и их сочетания"
604,"Правила чтения гласных букв в сочетании с буквой R"
605,"Правила чтения гласных букв в сочетании с согласной буквой R и гласной буквы Е"
606,"Правила чтения согласных букв C, G, S"
607,"Правила чтения согласных букв в сочетании с буквой H"
608,"Глагол «быть» и формы глагола “to be” в настоящем времени"
12492,"Цвета и игрушки"
12511,"My family"
12353,"Структура have got"
12493,"Профессии"
12354,"Притяжательные местоимения, притяжательный падеж"
13089,"Количественные и порядковые числительные. Счет до 100"
12355,"Правила образования множественного числа существительных"
12494,"Предлоги места"
12616,"Правила использования определенного и неопределенного артиклей"
13091,"Школьные принадлежности"
13092,"Время"
13093,"Modal verb CAN Модальный глагол CAN"
12643,"Настоящее простое время The present simple tense"
14802,"Вопросительные слова, специальные вопросы в настоящем простом времени"
12495,"Наречия частоты действия"
13095,"Мой день ”My day”"
13096,"Указательные местоимения THIS/THESE, THAT/THOSE"
12497,"Специальные вопросы в настоящем продолженном времени"
12496,"Настоящее продолженное время. Present Continuous tense"
609,"Сравнительная характеристика использования Present Simple и Present Continuous"
612,"Исчисляемые и неисчисляемые существительные"
13098,"Еда “Food”"
13099,"Глагол «быть» “to be” в прошедшем времени"
12358,"Простое прошедшее время The Past Simple Tense – правильные глаголы"
12341,"Простое прошедшее время The Past Simple Tense – неправильные глаголы"
12342,"Специальные вопросы во времени Past Simple Tense (простое прошедшее время)"
12603,"Внешность и части тела"
12558,"Домашние и дикие животные"
13100,"Оборот “There is/are”"
13101,"Оборот «There was/were»"
12588,"Предлоги места"
12544,"Моя комната"
12677,"Мой дом"
12589,"Неопределённые местоимения Some, any, no и их производные"
12590,"Времена года"
13103,"Праздники Новый год и Рождество. New Year and Christmas in Great Britain"
13104,"Английские и Американские праздники. English and American holidays "
13105,"Простое будущее время. The future simple tense"
12702,"Модальный глагол «должен»"
610,"Степени сравнения коротких прилагательных"
611,"Степени сравнения длинных прилагательных"
13465,"Одежда. Clothes"
13467,"Мой класс. My classroom"
13469,"Моя школа, школьные предметы. My school"
13472,"Предлоги времени ON, IN, AT, AFTER, BEFORE"
12679,"Хобби"
13479,"Настоящее совершенное время The present perfect tense"
13481,"Специальные вопросы в настоящем совершенном времени. Special Questions in Present Perfect"
12591,"Природа. Nature"
